<?xml version="1.0" encoding="utf-8"?>
<!--Detailed report on module anonymous-->
<CCCC_Project>
<module_summary>
<lines_of_code value="194" level="0" />
<lines_of_code_per_member_function value="******" level="0" />
<McCabes_cyclomatic_complexity value="46" level="0" />
<McCabes_cyclomatic_complexity_per_member_function value="******" level="2" />
<lines_of_code value="43" level="0" />
<lines_of_code_per_member_function value="********" level="2" />
<lines_of_code_per_line_of_comment value="4.512" level="0" />
<McCabes_cyclomatic_complexity_per_line_of_comment value="1.070" level="0" />
<weighted_methods_per_class_unity value="3" level="0" />
<weighted_methods_per_class_visibility value="0" level="0" />
<depth_of_inheritance_tree value="0" level="0" />
<number_of_children value="0" level="0" />
<coupling_between_objects value="0" level="0" />
<IF4 value="0" level="0" />
<IF4_per_member_function value="********" level="0" />
<IF4_visible value="0" level="0" />
<IF4_visible_per_member_function value="********" level="0" />
<IF4_concrete value="0" level="0" />
<IF4_concrete_per_member_function value="********" level="0" />
</module_summary>
<module_detail>
</module_detail>
<procedural_detail>
<member_function>
<name>g_lcd_spi_callback(spi_callback_args_t *)</name>
<extent>
<description>declaration</description>
<source_reference file="main_thread_entry.c" line="23" />
</extent>
<extent>
<description>definition</description>
<source_reference file="main_thread_entry.c" line="292" />
</extent>
<lines_of_code value="6" level="0" />
<McCabes_cyclomatic_complexity value="0" level="0" />
<lines_of_comment value="0" level="0" />
<lines_of_code_per_line_of_comment value="------" level="0" />
<McCabes_cyclomatic_complexity_per_line_of_comment value="------" level="0" />
</member_function>
<member_function>
<name>main_thread_entry(void)</name>
<extent>
<description>declaration</description>
<source_reference file="main_thread_entry.c" line="20" />
</extent>
<extent>
<description>definition</description>
<source_reference file="main_thread_entry.c" line="37" />
</extent>
<lines_of_code value="155" level="2" />
<McCabes_cyclomatic_complexity value="38" level="2" />
<lines_of_comment value="36" level="0" />
<lines_of_code_per_line_of_comment value="4.306" level="0" />
<McCabes_cyclomatic_complexity_per_line_of_comment value="1.056" level="0" />
</member_function>
<member_function>
<name>ssp_touch_to_guix(sf_touch_panel_payload_t *,GX_EVENT *)</name>
<extent>
<description>declaration</description>
<source_reference file="main_thread_entry.c" line="19" />
</extent>
<extent>
<description>definition</description>
<source_reference file="main_thread_entry.c" line="249" />
</extent>
<lines_of_code value="33" level="1" />
<McCabes_cyclomatic_complexity value="8" level="0" />
<lines_of_comment value="7" level="0" />
<lines_of_code_per_line_of_comment value="4.714" level="0" />
<McCabes_cyclomatic_complexity_per_line_of_comment value="1.143" level="0" />
</member_function>
</procedural_detail>
<structural_detail>
<module>
<name>anonymous</name>
<client_module>
</client_module>
<supplier_module>
</supplier_module>
</module>
</structural_detail>
</CCCC_Project>
