<?xml version="1.0" encoding="utf-8"?>
<!--Report on software metrics-->
<CCCC_Project>
<timestamp>Fri Aug 09 09:42:54 2019
</timestamp>
<project_summary>
<number_of_modules value="1" level="0" />
<lines_of_code value="197" level="0" />
<lines_of_code_per_module value="197.000" level="0" />
<McCabes_cyclomatic_complexity value="46" level="0" />
<McCabes_cyclomatic_complexity_per_module value="46.000" level="0" />
<lines_of_comment value="46" level="0" />
<lines_of_comment_per_module value="46.000" level="0" />
<lines_of_code_per_line_of_comment value="4.283" level="0" />
<McCabes_cyclomatic_complexity_per_line_of_comment value="1.000" level="0" />
<IF4 value="0" level="0" />
<IF4_per_module value="0.000" level="0" />
<IF4_visible value="0" level="0" />
<IF4_visible_per_module value="0.000" level="0" />
<IF4_concrete value="0" level="0" />
<IF4_concrete value="0.000" level="0" />
<rejected_lines_of_code value="3" level="0" />
</project_summary>
<procedural_summary>
<module>
<name>anonymous</name>
<lines_of_code value="194" level="0" />
<McCabes_cyclomatic_complexity value="46" level="0" />
<lines_of_comment value="43" level="0" />
<lines_of_code_per_line_of_comment value="4.512" level="0" />
<McCabes_cyclomatic_complexity_per_line_of_comment value="1.070" level="0" />
</module>
</procedural_summary>
<oo_design>
<module>
<name>anonymous</name>
<weighted_methods_per_class_unity value="3" level="0" />
<weighted_methods_per_class_visibility value="0" level="0" />
<depth_of_inheritance_tree value="0" level="0" />
<number_of_children value="0" level="0" />
<coupling_between_objects value="0" level="0" />
</module>
</oo_design>
<structural_summary>
<module>
<name>anonymous</name>
<fan_out_visible value="0" level="0" />
<fan_out_concrete value="0" level="0" />
<fan_out value="0" level="0" />
<fan_in_visible value="0" level="0" />
<fan_in_concrete value="0" level="0" />
<fan_in value="0" level="0" />
<IF4_visible value="0" level="0" />
<IF4_concrete value="0" level="0" />
<IF4 value="0" level="0" />
</module>
</structural_summary>
<other_extents>
<rejected_extent>
<name>&lt;file scope items&gt;</name>
<source_reference file="main_thread_entry.c" line="1" />
<lines_of_code value="3" level="0" />
<lines_of_comment value="3" level="0" />
<McCabes_cyclomatic_complexity value="0" level="0" />
</rejected_extent>
</other_extents>
</CCCC_Project>
